<?xml version="1.0" encoding="UTF-8"?>
<clinical_study rank="2">
  <!-- This xml conforms to an XML Schema at:
    https://clinicaltrials.gov/ct2/html/images/info/public.xsd
 and an XML DTD at:
    https://clinicaltrials.gov/ct2/html/images/info/public.dtd -->
  <required_header>
    <download_date>ClinicalTrials.gov processed this data on June 27, 2016</download_date>
    <link_text>Link to the current ClinicalTrials.gov record.</link_text>
    <url>https://clinicaltrials.gov/show/NCT00482794</url>
  </required_header>
  <id_info>
    <org_study_id>Pro00013845</org_study_id>
    <nct_id>NCT00482794</nct_id>
  </id_info>
  <brief_title>Genetic Risk Factors Associated With Antiphospholipid Antibody Syndrome</brief_title>
  <acronym>APS</acronym>
  <official_title>Genetics of Antiphospholipid Antibody Syndrome</official_title>
  <sponsors>
    <lead_sponsor>
      <agency>Duke University</agency>
      <agency_class>Other</agency_class>
    </lead_sponsor>
  </sponsors>
  <source>Duke University</source>
  <oversight_info>
    <authority>United States: Federal Government</authority>
    <has_dmc>No</has_dmc>
  </oversight_info>
  <brief_summary>
    <textblock>
      Antiphospholipid antibody syndrome (APS) is characterized by the presence of
      antiphospholipid antibodies, which are proteins in the blood that interfere with the body's
      ability to perform normal blood clotting. Clinical problems associated with antiphospholipid
      antibodies include an increased risk for the formation of blood clots in the lungs or deep
      veins of the legs, stroke, heart attack, and recurrent miscarriages. It is possible that
      some people with APS have a genetic predisposition for developing the syndrome. This study
      will use a genetic strategy to identify potential inherited risk factors for the development
      of APS by recruiting people with APS who have family members also affected by the syndrome
      or by another autoimmune disorder, such as lupus or rheumatoid arthritis.
    </textblock>
  </brief_summary>
  <detailed_description>
    <textblock>
      APS is an autoimmune disorder that causes an increased risk for developing a venous or
      arterial thromboembolism, as well as recurrent miscarriages. APS frequently occurs in people
      with lupus, and is referred to as secondary APS in this case. Many people who have APS,
      however, do not have another autoimmune disorder, and their disease is referred to as
      primary APS. APS may be a genetic disorder, and identifying the gene(s) that predisposes an
      individual to develop it could lead to a better understanding of the disease, as well as
      improved therapies. This study will use a genetic strategy to identify potential risk
      factors for the development of APS by recruiting people with APS who have family members who
      are either affected by the syndrome or who have another autoimmune disorder. The results of
      the genetic testing will be compared among the following two groups of families: people with
      APS who also have one or more of their family members affected specifically by APS; and
      people with APS who also have one or more of their family members affected by another type
      of autoimmune disorder, such as lupus or rheumatoid arthritis.

      Participants in this study will perform a pre-screening questionnaire over the phone to
      determine relevant clinical diagnoses and collect a brief family history of autoimmune
      disorders. Eligible participants will receive an enrollment package in the mail. If
      possible, participants will then report to the study site to supply a detailed family and
      medical history and provide a blood sample for analysis for antiphospholipid antibodies and
      preparation of genomic DNA. If participants are unable to attend the study visit, the
      interviews will be conducted over the phone. Those who are unable to attend the site visit
      will receive a blood enrollment kit in the mail, and these participants will report to a
      convenient location for phlebotomy services. Participants who have already provided blood
      samples for the APS Collaborative Registry (APSCORE) may not have to provide another sample
      for this study. Information collected for statistical analysis will include the following
      data: demographic information; co-morbid conditions and chronic risk factors; lipid profile;
      history of recurrent infections, renal failure, and cardiovascular disease; height and
      weight; details of any medications and supplements currently being taken; venous and
      arterial thromboembolic events; and any history of adverse pregnancy outcomes.
    </textblock>
  </detailed_description>
  <overall_status>Recruiting</overall_status>
  <start_date>June 2006</start_date>
  <completion_date type="Anticipated">July 2016</completion_date>
  <primary_completion_date type="Anticipated">July 2016</primary_completion_date>
  <phase>N/A</phase>
  <study_type>Observational</study_type>
  <study_design>Observational Model: Cohort</study_design>
  <primary_outcome>
    <measure>characterize genetic risk factors associated with the development of familial antiphospholipid antibody syndrome.</measure>
    <time_frame>duration of the study</time_frame>
    <safety_issue>No</safety_issue>
  </primary_outcome>
  <number_of_groups>3</number_of_groups>
  <enrollment type="Anticipated">2800</enrollment>
  <condition>Antiphospholipid Syndrome</condition>
  <arm_group>
    <arm_group_label>1</arm_group_label>
    <description>Individuals with APS who also have one or more of their family members affected specifically by APS</description>
  </arm_group>
  <arm_group>
    <arm_group_label>2</arm_group_label>
    <description>Individuals with APS who also have one or more of their family members affected by another type of autoimmune disorder, such as lupus or rheumatoid arthritis.</description>
  </arm_group>
  <arm_group>
    <arm_group_label>3</arm_group_label>
    <description>Individuals with APS and no family or no family affected with APS or another autoimmune disorder</description>
  </arm_group>
  <biospec_retention>Samples With DNA</biospec_retention>
  <biospec_descr>
    <textblock>
      Serum, plasma, and DNA samples
    </textblock>
  </biospec_descr>
  <eligibility>
    <study_pop>
      <textblock>
        Individuals with antiphospholipid antibody syndrome and their family members
      </textblock>
    </study_pop>
    <sampling_method>Non-Probability Sample</sampling_method>
    <criteria>
      <textblock>
        Inclusion Criteria:

          -  Persistent presence of an antiphospholipid antibody, as defined by one or both of the
             following criteria:

               1. Medium or high anticardiolipin antibody level in the blood on two or more
                  occasions at least 6 weeks apart

               2. Presence of lupus anticoagulant in the plasma on two or more occasions at least
                  6 weeks apart

          -  Presence of clinical symptoms seen in patients with APS, including vascular
             thrombosis (one or more clinical episodes of arterial, venous, or small vessel
             thrombosis in any tissue or organ) and/or pregnancy morbidity, defined as any of the
             following:

               1. One or more unexplained deaths of a morphologically normal fetus at or beyond
                  the 10th week of gestation, with normal fetus morphology documented by
                  ultrasound or direct examination or the fetus

               2. One or more premature births of a morphologically normal baby at or before the
                  34th week of gestation because of severe pre-eclampsia, eclampsia, or severe
                  placental insufficiency

               3. Three or more unexplained consecutive spontaneous abortions before the 10th week
                  of gestation, with maternal anatomic or hormonal abnormalities and paternal and
                  maternal chromosomal causes excluded

          -  People who have elevated antiphospholipid antibody levels but do not fully meet
             clinical criteria for APS, and do have affected family members, will be considered
             for enrollment

        Exclusion Criteria:

          -  No documented presence of antiphospholipid antibody
      </textblock>
    </criteria>
    <gender>Both</gender>
    <minimum_age>N/A</minimum_age>
    <maximum_age>N/A</maximum_age>
    <healthy_volunteers>No</healthy_volunteers>
  </eligibility>
  <overall_official>
    <last_name>Thomas L. Ortel, MD, PhD</last_name>
    <role>Principal Investigator</role>
    <affiliation>Duke University</affiliation>
  </overall_official>
  <overall_contact>
    <last_name>Thomas L. Ortel, MD, PhD</last_name>
    <phone>919-684-5350</phone>
    <email>thomas.ortel@duke.edu</email>
  </overall_contact>
  <location>
    <facility>
      <name>Duke University Medical Center</name>
      <address>
        <city>Durham</city>
        <state>North Carolina</state>
        <zip>27710</zip>
        <country>United States</country>
      </address>
    </facility>
    <status>Recruiting</status>
    <investigator>
      <last_name>Thomas L. Ortel, MD, PhD</last_name>
      <role>Principal Investigator</role>
    </investigator>
    <investigator>
      <last_name>Silke Schmidt, PhD</last_name>
      <role>Principal Investigator</role>
    </investigator>
  </location>
  <location_countries>
    <country>United States</country>
  </location_countries>
  <reference>
    <citation>Levine JS, Branch DW, Rauch J. The antiphospholipid syndrome. N Engl J Med. 2002 Mar 7;346(10):752-63. Review.</citation>
    <PMID>11882732</PMID>
  </reference>
  <reference>
    <citation>Cervera R, Piette JC, Font J, Khamashta MA, Shoenfeld Y, Camps MT, Jacobsen S, Lakos G, Tincani A, Kontopoulou-Griva I, Galeazzi M, Meroni PL, Derksen RH, de Groot PG, Gromnica-Ihle E, Baleva M, Mosca M, Bombardieri S, Houssiau F, Gris JC, Quéré I, Hachulla E, Vasconcelos C, Roch B, Fernández-Nebro A, Boffa MC, Hughes GR, Ingelmo M; Euro-Phospholipid Project Group. Antiphospholipid syndrome: clinical and immunologic manifestations and patterns of disease expression in a cohort of 1,000 patients. Arthritis Rheum. 2002 Apr;46(4):1019-27.</citation>
    <PMID>11953980</PMID>
  </reference>
  <reference>
    <citation>Scofield RH, Bruner GR, Kelly JA, Kilpatrick J, Bacino D, Nath SK, Harley JB. Thrombocytopenia identifies a severe familial phenotype of systemic lupus erythematosus and reveals genetic linkages at 1q22 and 11p13. Blood. 2003 Feb 1;101(3):992-7. Epub 2002 Sep 12.</citation>
    <PMID>12393658</PMID>
  </reference>
  <reference>
    <citation>Kelly JA, Thompson K, Kilpatrick J, Lam T, Nath SK, Gray-McGuire C, Reid J, Namjou B, Aston CE, Bruner GR, Scofield RH, Harley JB. Evidence for a susceptibility gene (SLEH1) on chromosome 11q14 for systemic lupus erythematosus (SLE) families with hemolytic anemia. Proc Natl Acad Sci U S A. 2002 Sep 3;99(18):11766-71. Epub 2002 Aug 21.</citation>
    <PMID>12192084</PMID>
  </reference>
  <reference>
    <citation>Ortel TL. The antiphospholipid syndrome: what are we really measuring? How do we measure it? And how do we treat it? J Thromb Thrombolysis. 2006 Feb;21(1):79-83. Review.</citation>
    <PMID>16475047</PMID>
  </reference>
  <verification_date>October 2015</verification_date>
  <lastchanged_date>October 23, 2015</lastchanged_date>
  <firstreceived_date>June 1, 2007</firstreceived_date>
  <responsible_party>
    <responsible_party_type>Sponsor</responsible_party_type>
  </responsible_party>
  <keyword>Antiphospholipid Antibody Syndrome</keyword>
  <is_fda_regulated>No</is_fda_regulated>
  <has_expanded_access>No</has_expanded_access>
  <condition_browse>
    <!-- CAUTION:  The following MeSH terms are assigned with an imperfect algorithm  -->
    <mesh_term>Antiphospholipid Syndrome</mesh_term>
    <mesh_term>Syndrome</mesh_term>
  </condition_browse>
  <intervention_browse>
    <!-- CAUTION:  The following MeSH terms are assigned with an imperfect algorithm  -->
    <mesh_term>Antibodies</mesh_term>
    <mesh_term>Antibodies, Antiphospholipid</mesh_term>
  </intervention_browse>
  <!-- Results have not yet been posted for this study                                -->
</clinical_study>
